feature,coef_standardized
lag1,-0.00016576315096480568
lag5,-0.00017752487674605017
roll_mean_5,2.9240088837418095e-05
roll_std_20,0.00023152377568403973
