model,rmse,mae
SES,0.003326,0.002511
Linear_Regression,0.0033417832841361,0.0025151843315849
