k,rmse,mae,mape
5,0.0036291789523646635,0.0027478556721127817,116908.85197553289
10,0.003513156277316622,0.002678351508133332,90385.84582504869
20,0.003425178048126138,0.002593044928800319,68564.77038825149
