feature,importance
roll_mean_5,0.25946674
roll_std_20,0.25730652
lag1,0.25298393
lag5,0.23024282
